Wired,2016
Headcleaner,2001
Driving South,2002
The National Skateboard Co. Video,2016
Lost and Found,2005
Community,Year unknown
Sox Watkins - Corner Store,Year unknown
Horizons,2008
Anthems,1998
V Nice,2016
Urbane Mob,2006
Creation,2001
Unapromo,1998
Logic Skateboarding Media 2,1999
Wavemode,Year unknown
Savoir Faire,2008
H'min Bam,2004
Static IV,2015
Get3,2014
Workers and Lurkers,2006
The Lovenskate Video,2014
Make Friends With The Colour Blue,2010
s Boroughs,Year unknown
Ordinary Madness,2012
Brass Monkey,2011
Jus Foolin,2003
Live From Antarctica,2005
Juice,1997
720,1992
The Drive,2012
Austerity Dawgs,2013
Writers Block,2007
Endless Bummer,2014
Eleventh Hour,2013
Belong Tour,2002
Fifty-Fifty Promo,2005
Dimensions,2009
In Progress Bonus Disc,2011
Paul,Year unknown
The Sour Solution,2015
Black Glove,2008
The Amazing A Third Foot Tour,2003
Fine,Year unknown
Leisure,2004
In Progress,2011
Waiting for the World,2000
Promo Ninety Six,1996
Wheels of Fortune,1999
"As If, And What?",2009
City of Rats,2012
MFWTCB,Year unknown
Excursion,Year unknown
Sundays,Year unknown
Focus,1999
True To This,2015
Time For Tea,1996
Better Than Life,2007
A Mixed Media,1996
Omnibosh,Year unknown
Celebraty Tropical Fish,1991
Ex Rental,1999
Albion,Year unknown
Five Incher,2012
Brighten,2009
Baghead Flats,2008
Genie of the Lamp,1998
NTWICS,2012
Radio Television,2010
Deconstruction,1998
Landscape,Year unknown
AB&A,2013
Sub C-Y,1998
Mission ImpossibHull,1998
Trim,Year unknown
s Seven,Year unknown
Tincan Folklore,1996
This Time Tomorrow,2010
Dreams That Money Can Buy,2012
Wolfstadt,2006
Spoonful,Year unknown
Collage,2001
Scenic Drive,1995
Skypager,1993
Tweak the Beef,2012
Five Years,2013
GY Borough,2009
Bristol in Bloom,2003
In Motion,2004
Portraits,2003
Pulling Teeth,1999
Steady,2001
Shredder,Year unknown
OAF,2011
First Broadcast,2002
Rivers Edge,2009
Goose,Year unknown
Joms,Year unknown
MDCX,Year unknown
Style,Year unknown
Perspectives,Year unknown
Squadrophenia,Year unknown
Snowy,Year unknown
Get In!,2004
Never Been Loved,2004
Avi,Year unknown
Vase,Year unknown
Jaime les Filles,Year unknown
Aint even Tryin,Year unknown
Wheres Cliche?,Year unknown
HAUNTS,Year unknown
This Way Up,2001
Nocturnis,Year unknown
Vapors,2006
The Fifty-Fifty Promo,2005
Good Shit,1999
Pro Part,2011
Bingo,Year unknown
Bristols Finest,2009
Untitled,2005
Once Upon A Time,2005
Kenobeds,2002
Rookies,1995
Ol√©,2006
Magic,1999
Feed The Need,2007
If You Ever,2009
Little Picture,2005
Before Capture,2003
WORD,Year unknown
Whats Cookin?,Year unknown
Northbound,2006
Stalker,2003
Olliewood,Year unknown
The Belong Tour,2002
Waiting For The World,2000
Build & Destroy,1999
Once Upon a Time - Special Edition,2006
Once Upon a Time,2005
Wheels of Confusion,1998
Loose Trucks and Two Smoking Bearings,1999
Generation X,1999
CTDV01X,2001
Styles by the Dozen,2000
Spirit of the Blitz,Year unknown
Up the Rebels,2004
Everything is Going to be Alright,2002
Tourettes,2004
Urban Reality,2000?
System Video,1994
Attack,1989
Shit on the Lens,2003
Promo,2000
B-Scene,2004
The Lord Video,Year unknown
Escape from Boredom,2005
Squadophrenia,2004
Death Squad the Movie,Year unknown
Solar Powered,1998
Life Support,Year unknown
Pritchard vs Dainton,Year unknown
Uk Team Athens Tour,2004
Uk Team Tour,2001
Uk Team Tour Promo,2000
Mouse is Pulling the Key,1991
The Vans Tour,2002
Holeshot Comp,1987
Airtime 2,1989
Underwraps,2004
Breakthough,2002
Equilibrium,2000
Zoom,1998
Road to Nowhere: Osiris UK Tour,2000
Purpose Built,2002
Trilogy,2006
Format,2000
Bristol Zoo,1997
Deez Nuts,2003
Fish,2001
Ched,Year unknown
Industrial,2003
Ignite,2001
Salt n Sauce,2004
The House Video,Year unknown
Outlines,2005
Street Skater,1991
Sweet n Sour,2003
Rough Ground,Year unknown
Skidding the Rim,2005
Smash Skates Vol. 1 - Final Cut Yo!,2005
King of the How Man,2005
Street Skater 2,Year unknown
UKVM4,2005
UKVM3,2004
UKVM2,2004
UKVM1,2003
Video-log #7,1996
Video-log #6,1995
Video-log #5,1995
Video-log #4,Year unknown
Video-log #3,Year unknown
Video-log #2,Year unknown
Video-log #1,1994
540,1991
Day in the City #4,2005
Day in the City #3,2003
Day in the City #2,2002
Day in the City #1,2001
Viewfinder #4,2002
Viewfinder #3,2000
Viewfinder #2,1999
Viewfinder #1,1998
The Big Push 2,2006
The Big Push,2005
Rollin' Through the Decades,2005
H'Min Bam,2004
Playing Fields,1997
Wide Eyed World,1993
Straight to DVD,2004
Straight to Video,2003
As If,2000
Chillin',1997
Hating Life,1999
Through the Eyes of Ruby,1999
Hello Coco?,2004
Focalpoint,2002
Secrets & Lies,2005
Odeon,1998
Dismantled,1996
Hidden,2002
It Can't Rain Forever,2000
10 Years Gone,1992/2002
Sound and Vision,Year unknown
Point Seven Five,Year unknown
Bag it Up,2005
VIP Dubplate Selection,1998
Ollie the Gap,1988
Ollie the Gap - The Remix,1988
Seen,2005
Random,Year unknown
Sub CY,Year unknown
Collective,2005
What's the Point?,Year unknown
Six Counties,2002
Ephemera,Year unknown
White Label,Year unknown
Above,Year unknown
Still in Progress,2004
Work in Progress,Year unknown
Structure,2005
Ex-Rental,1999
Grow Up,1998
Promotional 97,1997
Tough Guys,1995
From the Inside Looking Out,1999
Sell Your Soul,1998
Hate Portsmouth Love Southsea,2004
A Canterbury Skateboard Video ,2004
Hereford Splendour,2004
Hidden Agenda,2003
Plankers,2002
Presenting,2001
Are You Down?,Year unknown
Tea Break,1998
Done,2005
Into the Fall,2006
Lately,2005
Pigeon,1999
Zoo: 365 in Southsea,1998
Network Neighbourhood,1996
International Coverup,1996
Crack in the Clouds,1995
Et Cetera,2005
Yar Yar Land,2004
Underground and Overrated,2002
Inbreed,1998?
Get In,2004
Underexposed 2,2004
Underexposed 1,2002
Enter the Dragon,Year unknown
4 Wheel Dragons,Year unknown
Routes,2005
Feeling Good,2005
Prima Facie,2002
?aranoid,1999
About Time,2001
Bristol in Bloom 2 - Warriorz,2006
Greedy Markers #3,Year unknown
Greedy Markers #2,Year unknown
Greedy Markers #1,Year unknown
Fast Ride to Suicide,Year unknown
Why?,2003 & 2004
Loving Life,2005
Lost a Pound,2005
Dirty Dogs vs The Eye of the Tiger,2004
Session,2003
CKHD,2005
EatMyGoal,2005
Cheese On Tape,2006
Gettin Thru the Winter,2006
Things I Don't Remember,2005
Shine On,2004
Shavers,Year unknown
Vertigo,Year unknown
Notts Landing,Year unknown
The Unknowns 1,Year unknown
The Unknowns 1/2,Year unknown
The Unknowns 2,Year unknown
Snakeskin Jacket 1,Year unknown
Snakeskin Jacket 2,Year unknown
